INSERT INTO T_GENRE VALUES ('szzXVpSlPa9OFU7UiQpK','영화',NOW(),NOW()) ;

INSERT INTO T_PROGRAM VALUES ('rgpgta0Wj2rJ0JqfPu6l' , '결백' , 'programBasic' , '유명 로펌의 에이스 변호사 ‘정인(신혜선)’은 아빠의 장례식장에서 농약 막걸리 살인사건이 일어났음을 알게 된다.' , 0 , 'Y', now() , now()  );
INSERT INTO T_PROGRAM_PRODUCT VALUES ( 'rgpgta0Wj2rJ0JqfPu6l' , 'QJn0hZcG547RUVWMpJcB' , '결백' , '유명 로펌의 에이스 변호사 ‘정인(신혜선)’은 아빠의 장례식장에서 농약 막걸리 살인사건이 일어났음을 알게 된다.' , null , null , 'Y' , now() , now()  );
INSERT INTO T_PROGRAM_GENRE VALUES ( 'rgpgta0Wj2rJ0JqfPu6l' , 'szzXVpSlPa9OFU7UiQpK' , NOW(), NOW());
INSERT INTO T_IMAGE_META VALUES ( 'F2mUpMKr1KF4mDmQJHvh', 'rgpgta0Wj2rJ0JqfPu6l', 'programBasic' ,now(),now());
INSERT INTO T_IMAGE_META VALUES ( 'OtJZF6KQidCwNU1IAG6b', 'rgpgta0Wj2rJ0JqfPu6l', 'contentBasic' ,now(),now());

INSERT INTO T_PROGRAM VALUES ('a6wfyUYIM0uvTP3wBU4I' , '어벤져스: 엔드게임' , 'programBasic' , '인피니티 워 이후 절반만 살아남은 지구 마지막 희망이 된 어벤져스 먼저 떠난 그들을 위해 모든 것을 걸었다!  위대한 어벤져스 운명을 바꿀 최후의 전쟁이 펼쳐진다!' , 0 , 'Y', now() , now()  );
INSERT INTO T_PROGRAM_PRODUCT VALUES ( 'a6wfyUYIM0uvTP3wBU4I' , 'luTPXsJ6Q7e8d5qlH8zq' , '어벤져스: 엔드게임' , '인피니티 워 이후 절반만 살아남은 지구 마지막 희망이 된 어벤져스 먼저 떠난 그들을 위해 모든 것을 걸었다!  위대한 어벤져스 운명을 바꿀 최후의 전쟁이 펼쳐진다!' , null , null , 'Y' , now() , now()  );
INSERT INTO T_PROGRAM_GENRE VALUES ( 'a6wfyUYIM0uvTP3wBU4I' , 'szzXVpSlPa9OFU7UiQpK' , NOW(), NOW());
INSERT INTO T_IMAGE_META VALUES ( 'zVFPuZLsZ0cGzf9WfEc9', 'a6wfyUYIM0uvTP3wBU4I', 'programBasic' ,now(),now());
INSERT INTO T_IMAGE_META VALUES ( 'EbEIpd3VpuewfteHdWPq', 'a6wfyUYIM0uvTP3wBU4I', 'contentBasic' ,now(),now());

INSERT INTO T_PROGRAM VALUES ('vFMaA4kha7xe09u6C3BG' , '어벤져스: 인피니티 워' , 'programBasic' , '가디언즈 오브 갤럭시 멤버들과 와칸다 군대, 닥터 스트레인지 등 새로운 팀들과 함께 환상의 대연합을 이룬 어벤져스, 역대 최강 빌런 타노스에 맞서 전 우주에 운명이 걸린 인피니티 스톤을 향한 무한 대결이 펼쳐진다!' , 0 , 'Y', now() , now()  );
INSERT INTO T_PROGRAM_PRODUCT VALUES ( 'vFMaA4kha7xe09u6C3BG' , '0uUqjfs2vYiJfUtxY3KQ' , '어벤져스: 인피니티 워' , '가디언즈 오브 갤럭시 멤버들과 와칸다 군대, 닥터 스트레인지 등 새로운 팀들과 함께 환상의 대연합을 이룬 어벤져스, 역대 최강 빌런 타노스에 맞서 전 우주에 운명이 걸린 인피니티 스톤을 향한 무한 대결이 펼쳐진다!' , null , null , 'Y' , now() , now()  );
INSERT INTO T_PROGRAM_GENRE VALUES ( 'vFMaA4kha7xe09u6C3BG' , 'szzXVpSlPa9OFU7UiQpK' , NOW(), NOW());
INSERT INTO T_IMAGE_META VALUES ( 'FQ7vtnnR5VN3P99FVjZy', 'vFMaA4kha7xe09u6C3BG', 'programBasic' ,now(),now());
INSERT INTO T_IMAGE_META VALUES ( 'AT1MLIoNveSWYPfF2nEt', 'vFMaA4kha7xe09u6C3BG', 'contentBasic' ,now(),now());

INSERT INTO T_PROGRAM VALUES ('GWZg7n8fzzsZiPOfOhs1' , '어벤져스: 에이지 오브 울트론' , 'programBasic' , '베너 박사와 함께 지구수호목적 인공지능 A.I "울트론"을 만들어 낸다, 그러나 울트론은 토니의 생각과는 달리 인류를 파멸시키려 하는데...' , 0 , 'Y', now() , now()  );
INSERT INTO T_PROGRAM_PRODUCT VALUES ( 'GWZg7n8fzzsZiPOfOhs1' , '52xduRKqFHD5OVxzkIhI' , '어벤져스: 에이지 오브 울트론' , '베너 박사와 함께 지구수호목적 인공지능 A.I "울트론"을 만들어 낸다, 그러나 울트론은 토니의 생각과는 달리 인류를 파멸시키려 하는데...' , null , null , 'Y' , now() , now()  );
INSERT INTO T_PROGRAM_GENRE VALUES ( 'GWZg7n8fzzsZiPOfOhs1' , 'szzXVpSlPa9OFU7UiQpK' , NOW(), NOW());
INSERT INTO T_IMAGE_META VALUES ( 'VbHxXyaOaRDjBbmcZ11F', 'GWZg7n8fzzsZiPOfOhs1', 'programBasic' ,now(),now());
INSERT INTO T_IMAGE_META VALUES ( '5AhUHGsvO8Ym4xBn31sB', 'GWZg7n8fzzsZiPOfOhs1', 'contentBasic' ,now(),now());


INSERT INTO T_PROGRAM VALUES ('yO1uRw0RwkKaoXK7iTqK' , '어벤져스' , 'programBasic' , 'power 어벤져스 ' , 0 , 'Y', now() , now()  );
INSERT INTO T_PROGRAM_PRODUCT VALUES ( 'yO1uRw0RwkKaoXK7iTqK' , 'FOKzwu92lixbkK86y8aW' , '어벤져스' , 'power 어벤져스 ' , null , null , 'Y' , now() , now()  );
INSERT INTO T_PROGRAM_GENRE VALUES ( 'yO1uRw0RwkKaoXK7iTqK' , 'szzXVpSlPa9OFU7UiQpK' , NOW(), NOW());
INSERT INTO T_IMAGE_META VALUES ( 'tp3l16TFn2c5fHoad8L3', 'yO1uRw0RwkKaoXK7iTqK', 'programBasic' ,now(),now());
INSERT INTO T_IMAGE_META VALUES ( 'JFcA0WRKJ6E0EMTyP2MX', 'yO1uRw0RwkKaoXK7iTqK', 'contentBasic' ,now(),now());

INSERT INTO T_PROGRAM VALUES ('4QVSpYFnug9cLdwQHEfJ' , '스파이더맨: 홈커밍' , 'programBasic' , '아직은 어벤져스가 될 수 없는 스파이더맨 숙제보다 세상을 구하고 싶은 스파이더맨 그는 과연 진정한 히어로로 거듭날 수 있을 것인가!' , 0 , 'Y', now() , now()  );
INSERT INTO T_PROGRAM_PRODUCT VALUES ( '4QVSpYFnug9cLdwQHEfJ' , 'DzMKr2IiC38SSRaNvy4m' , '스파이더맨: 홈커밍' , '아직은 어벤져스가 될 수 없는 스파이더맨 숙제보다 세상을 구하고 싶은 스파이더맨 그는 과연 진정한 히어로로 거듭날 수 있을 것인가!' , null , null , 'Y' , now() , now()  );
INSERT INTO T_PROGRAM_GENRE VALUES ( '4QVSpYFnug9cLdwQHEfJ' , 'szzXVpSlPa9OFU7UiQpK' , NOW(), NOW());
INSERT INTO T_IMAGE_META VALUES ( 'Rwh7mQIou7NOIyjkscjT', '4QVSpYFnug9cLdwQHEfJ', 'programBasic' ,now(),now());
INSERT INTO T_IMAGE_META VALUES ( 'yR0zccPDRCmxrPBvWZ4g', '4QVSpYFnug9cLdwQHEfJ', 'contentBasic' ,now(),now());

INSERT INTO T_PROGRAM VALUES ('Zz5RGtKJ1FxNCDuBDETy' , '스파이더맨: 파 프롬 홈' , 'programBasic' , '‘엔드게임’ 이후 변화된 세상, 스파이더맨 ‘피터 파커’는 학교 친구들과 유럽 여행을 떠나게 된다. 그런 그의 앞에 ‘닉 퓨리’가 등장해 도움을 요청하고 정체불명의 조력자 ‘미스테리오’까지 합류하게 되면서 전 세계를 위협하는 새로운 빌런 ‘엘리멘탈 크리쳐스’와 맞서야만 하는 상황에 놓이게 되는데…' , 0 , 'Y', now() , now()  );
INSERT INTO T_PROGRAM_PRODUCT VALUES ( 'Zz5RGtKJ1FxNCDuBDETy' , 'lhfiDXi7Y1tblfswlUHj' , '스파이더맨: 파 프롬 홈' , '‘엔드게임’ 이후 변화된 세상, 스파이더맨 ‘피터 파커’는 학교 친구들과 유럽 여행을 떠나게 된다. 그런 그의 앞에 ‘닉 퓨리’가 등장해 도움을 요청하고 정체불명의 조력자 ‘미스테리오’까지 합류하게 되면서 전 세계를 위협하는 새로운 빌런 ‘엘리멘탈 크리쳐스’와 맞서야만 하는 상황에 놓이게 되는데…' , null , null , 'Y' , now() , now()  );
INSERT INTO T_PROGRAM_GENRE VALUES ( 'Zz5RGtKJ1FxNCDuBDETy' , 'szzXVpSlPa9OFU7UiQpK' , NOW(), NOW());
INSERT INTO T_IMAGE_META VALUES ( 'o1hZDW3kmqX0wfXeVSfM', 'Zz5RGtKJ1FxNCDuBDETy', 'programBasic' ,now(),now());
INSERT INTO T_IMAGE_META VALUES ( '5Wo2gtzvAfmpVHEdqXh2', 'Zz5RGtKJ1FxNCDuBDETy', 'contentBasic' ,now(),now());

INSERT INTO T_PROGRAM VALUES ('B4kPsP6TNXB2Wth0PWvn' , '블랙팬서' , 'programBasic' , '‘시빌 워’ 이후 와칸다의 왕위를 계승한 티찰라(채드윅 보스만)는 와칸다에만 존재하는 최강 희귀 금속 ‘비브라늄’과 왕좌를 노리는 숙적들의 음모가 전세계적인 위협으로 번지자 세상을 구할 히어로 ‘블랙 팬서’로서 피할 수 없는 전쟁에 나서는데…' , 0 , 'Y', now() , now()  );
INSERT INTO T_PROGRAM_PRODUCT VALUES ( 'B4kPsP6TNXB2Wth0PWvn' , 'k7jBYi8EwNyhgyGF7PpW' , '블랙팬서' , '‘시빌 워’ 이후 와칸다의 왕위를 계승한 티찰라(채드윅 보스만)는 와칸다에만 존재하는 최강 희귀 금속 ‘비브라늄’과 왕좌를 노리는 숙적들의 음모가 전세계적인 위협으로 번지자 세상을 구할 히어로 ‘블랙 팬서’로서 피할 수 없는 전쟁에 나서는데…' , null , null , 'Y' , now() , now()  );
INSERT INTO T_PROGRAM_GENRE VALUES ( 'B4kPsP6TNXB2Wth0PWvn' , 'szzXVpSlPa9OFU7UiQpK' , NOW(), NOW());
INSERT INTO T_IMAGE_META VALUES ( 'BS2AKaO2fsAhpKT6jmiE', 'B4kPsP6TNXB2Wth0PWvn', 'programBasic' ,now(),now());
INSERT INTO T_IMAGE_META VALUES ( 'PgLkdTg7qveXBN3OiD0E', 'B4kPsP6TNXB2Wth0PWvn', 'contentBasic' ,now(),now());

INSERT INTO T_PROGRAM VALUES ('WKE8NfEIsJqrWhBfksQV' , '아이언맨' , 'programBasic' , '토니 스타크가 탈출하는 과정을 통해 Mark1의 가공할 위력을 확인한 게릴라 군은 토니 스타크가 미처 회수하지 못한 Mark1의 잔해와 설계도를 찾아낸다. Mark1을 재조립하여 그들의 목적을 이루기 위한 거대하고 강력한 철갑수트를 제작하려는 음모를 꾸미는 게릴라군. 토니 스타크가 갖고 있던 에너지원을 훔쳐 ‘아이언맨’을 능가하는 거대하고 강력한 ‘아이언 몽거’를 완성한 그들은 세계 평화를 위협하고, 토니 스타크는 그들의 음모과 배후세력이 누구인지를 알게 되는데...!' , 0 , 'Y', now() , now()  );
INSERT INTO T_PROGRAM_PRODUCT VALUES ( 'WKE8NfEIsJqrWhBfksQV' , 'LAVDznkYxjpgzXzXpUFL' , '아이언맨' , '토니 스타크가 탈출하는 과정을 통해 Mark1의 가공할 위력을 확인한 게릴라 군은 토니 스타크가 미처 회수하지 못한 Mark1의 잔해와 설계도를 찾아낸다. Mark1을 재조립하여 그들의 목적을 이루기 위한 거대하고 강력한 철갑수트를 제작하려는 음모를 꾸미는 게릴라군. 토니 스타크가 갖고 있던 에너지원을 훔쳐 ‘아이언맨’을 능가하는 거대하고 강력한 ‘아이언 몽거’를 완성한 그들은 세계 평화를 위협하고, 토니 스타크는 그들의 음모과 배후세력이 누구인지를 알게 되는데...!' , null , null , 'Y' , now() , now()  );
INSERT INTO T_PROGRAM_GENRE VALUES ( 'WKE8NfEIsJqrWhBfksQV' , 'szzXVpSlPa9OFU7UiQpK' , NOW(), NOW());
INSERT INTO T_IMAGE_META VALUES ( 'AfxMsNRQytgIJDj4Virc', 'WKE8NfEIsJqrWhBfksQV', 'programBasic' ,now(),now());
INSERT INTO T_IMAGE_META VALUES ( 'Lgt1jLfKRkhVRItTjJrp', 'WKE8NfEIsJqrWhBfksQV', 'contentBasic' ,now(),now());

INSERT INTO T_PROGRAM VALUES ('OfZsj6LOLX31EjfSMGIK' , '아이언맨2' , 'programBasic' , '자신이 아이언맨이라고 정체를 밝힌 뒤 할리우드 스타 못지 않은 인기를 누리던 토니 스타크. 스타크 인더스트리의 운영권을 수석 비서였던 페퍼포츠에게 일임하고 즐거운 나날을 보내던 그에게 생애 최고의 위기가 찾아온다. ‘스타크’ 가문에 대한 적대감으로 가득 찬 ‘위플래시’가 아이언맨 수트의 원천 기술인 아크 원자로 개발에 성공한 것. F-1 그랑프리에 출전하여 무방비 상태에 있던 토니 스타크에게 위협적인 공격을 가하는 위플래쉬. 이에 토니 스타크는 새로 개발한 업그레이드 수트를 이용, 겨우 위기를 모면한다. 하지만 이 사건을 계기로 위플래시는 토니 스타크의 라이벌 ‘저스틴 해머’와 손을 잡고 아이언맨을 공격하기 시작하고, 이에 토니 스타크는 오랜 동료 제임스 로드를 위한 새로운 하이테크 수트를 제작, ‘워 머신’으로 거듭난 그와 함께 강력해진 적들과의 본격적 대결에 나서는데…!' , 0 , 'Y', now() , now()  );
INSERT INTO T_PROGRAM_PRODUCT VALUES ( 'OfZsj6LOLX31EjfSMGIK' , 'QB6gUYPsDzlBHvJq2ijO' , '아이언맨2' , '자신이 아이언맨이라고 정체를 밝힌 뒤 할리우드 스타 못지 않은 인기를 누리던 토니 스타크. 스타크 인더스트리의 운영권을 수석 비서였던 페퍼포츠에게 일임하고 즐거운 나날을 보내던 그에게 생애 최고의 위기가 찾아온다. ‘스타크’ 가문에 대한 적대감으로 가득 찬 ‘위플래시’가 아이언맨 수트의 원천 기술인 아크 원자로 개발에 성공한 것. F-1 그랑프리에 출전하여 무방비 상태에 있던 토니 스타크에게 위협적인 공격을 가하는 위플래쉬. 이에 토니 스타크는 새로 개발한 업그레이드 수트를 이용, 겨우 위기를 모면한다. 하지만 이 사건을 계기로 위플래시는 토니 스타크의 라이벌 ‘저스틴 해머’와 손을 잡고 아이언맨을 공격하기 시작하고, 이에 토니 스타크는 오랜 동료 제임스 로드를 위한 새로운 하이테크 수트를 제작, ‘워 머신’으로 거듭난 그와 함께 강력해진 적들과의 본격적 대결에 나서는데…!' , null , null , 'Y' , now() , now()  );
INSERT INTO T_PROGRAM_GENRE VALUES ( 'OfZsj6LOLX31EjfSMGIK' , 'szzXVpSlPa9OFU7UiQpK' , NOW(), NOW());
INSERT INTO T_IMAGE_META VALUES ( 'C00ZICLLQwy39P9UQEp8', 'OfZsj6LOLX31EjfSMGIK', 'programBasic' ,now(),now());
INSERT INTO T_IMAGE_META VALUES ( 'qhKwD2McRX6qfVdWCObB', 'OfZsj6LOLX31EjfSMGIK', 'contentBasic' ,now(),now());

INSERT INTO T_PROGRAM VALUES ('ghkk5XTIZ91aTViMj3fL' , '아이언맨3' , 'programBasic' , '모든 것을 잃어버린 그는 다시 테러의 위험으로부터 세계와 사랑하는 여인(기네스 팰트로)를 지켜내야 하는 동시에 머릿속을 떠나지 않던 한가지 물음의 해답도 찾아야만 한다. 과연 그가 아이언맨인가? 수트가 아이언맨인가?' , 0 , 'Y', now() , now()  );
INSERT INTO T_PROGRAM_PRODUCT VALUES ( 'ghkk5XTIZ91aTViMj3fL' , 'dD8K7fhxPDIwUmsoE7Bl' , '아이언맨3' , '모든 것을 잃어버린 그는 다시 테러의 위험으로부터 세계와 사랑하는 여인(기네스 팰트로)를 지켜내야 하는 동시에 머릿속을 떠나지 않던 한가지 물음의 해답도 찾아야만 한다. 과연 그가 아이언맨인가? 수트가 아이언맨인가?' , null , null , 'Y' , now() , now()  );
INSERT INTO T_PROGRAM_GENRE VALUES ( 'ghkk5XTIZ91aTViMj3fL' , 'szzXVpSlPa9OFU7UiQpK' , NOW(), NOW());
INSERT INTO T_IMAGE_META VALUES ( 'xBVgCbH8vKDhlLygMVWh', 'ghkk5XTIZ91aTViMj3fL', 'programBasic' ,now(),now());
INSERT INTO T_IMAGE_META VALUES ( 'gSwwt5a648OFzXiw2NOu', 'ghkk5XTIZ91aTViMj3fL', 'contentBasic' ,now(),now());

INSERT INTO T_PROGRAM VALUES ('9x8kIR3HYeAxfrlXWbfl' , '가디언즈 오브 갤럭시' , 'programBasic' , '자칭 전설의 무법자 스타로드, 그러나 현실은 우주를 떠도는 그저그런 좀도둑에 불과한 피터 퀼(크리스 프랫). 뜻하지 않게 갤럭시의 절대악 타노스와 로난의 타겟이 된 그는 감옥에서 만난 암살자 가모라(조 샐다나), 거구의 파이터 드랙스(데이브 바티스타), 현상금 사냥꾼 로켓(브래들리 쿠퍼)과 그루트(빈 디젤) 콤비와 불편한 동맹을 맺고 일명 ‘가디언즈 오브 갤럭시’를 결성한다. 범상치 않은 화려한 과거를 지닌 이들이 과연 120억 명의 운명을 구할 유일한 희망이 될 수 있을까?  흩어지면 무법자, 뭉치면 히어로 차원이 다른 마블의 새로운 세계를 목격하라!' , 0 , 'Y', now() , now()  );
INSERT INTO T_PROGRAM_PRODUCT VALUES ( '9x8kIR3HYeAxfrlXWbfl' , 'SbhQygMY07WrQIRc4KoP' , '가디언즈 오브 갤럭시' , '자칭 전설의 무법자 스타로드, 그러나 현실은 우주를 떠도는 그저그런 좀도둑에 불과한 피터 퀼(크리스 프랫). 뜻하지 않게 갤럭시의 절대악 타노스와 로난의 타겟이 된 그는 감옥에서 만난 암살자 가모라(조 샐다나), 거구의 파이터 드랙스(데이브 바티스타), 현상금 사냥꾼 로켓(브래들리 쿠퍼)과 그루트(빈 디젤) 콤비와 불편한 동맹을 맺고 일명 ‘가디언즈 오브 갤럭시’를 결성한다. 범상치 않은 화려한 과거를 지닌 이들이 과연 120억 명의 운명을 구할 유일한 희망이 될 수 있을까?  흩어지면 무법자, 뭉치면 히어로 차원이 다른 마블의 새로운 세계를 목격하라!' , null , null , 'Y' , now() , now()  );
INSERT INTO T_PROGRAM_GENRE VALUES ( '9x8kIR3HYeAxfrlXWbfl' , 'szzXVpSlPa9OFU7UiQpK' , NOW(), NOW());
INSERT INTO T_IMAGE_META VALUES ( 'V8LcmN31dcDxNH4T634Y', '9x8kIR3HYeAxfrlXWbfl', 'programBasic' ,now(),now());
INSERT INTO T_IMAGE_META VALUES ( 'J8V4Myw6YBQSSk03f9lB', '9x8kIR3HYeAxfrlXWbfl', 'contentBasic' ,now(),now());

INSERT INTO T_PROGRAM VALUES ('FrlptGN8unhuJHJDhiPl' , '가디언즈 오브 갤럭시 VOL.2' , 'programBasic' , '최강 빌런 ‘타노스’에 맞서 은하계를 구하고 최고의 해결사로 등극한 ‘가.오.갤’ 멤버들. 하지만 외계 여사제 ‘아이샤’가 맡긴 임무를 수행하던 중 실수로 또 다시 쫓기는 신세로 전락한다. 한편 자신에게 숨겨진 힘의 원천에 대해 고민하던 리더 ‘스타로드’는 갑작스레 나타난 아버지로 인해 또 다른 위기에 빠지게 되는데…' , 0 , 'Y', now() , now()  );
INSERT INTO T_PROGRAM_PRODUCT VALUES ( 'FrlptGN8unhuJHJDhiPl' , '31yVVmac9YHOgonXU1tc' , '가디언즈 오브 갤럭시 VOL.2' , '최강 빌런 ‘타노스’에 맞서 은하계를 구하고 최고의 해결사로 등극한 ‘가.오.갤’ 멤버들. 하지만 외계 여사제 ‘아이샤’가 맡긴 임무를 수행하던 중 실수로 또 다시 쫓기는 신세로 전락한다. 한편 자신에게 숨겨진 힘의 원천에 대해 고민하던 리더 ‘스타로드’는 갑작스레 나타난 아버지로 인해 또 다른 위기에 빠지게 되는데…' , null , null , 'Y' , now() , now()  );
INSERT INTO T_PROGRAM_GENRE VALUES ( 'FrlptGN8unhuJHJDhiPl' , 'szzXVpSlPa9OFU7UiQpK' , NOW(), NOW());
INSERT INTO T_IMAGE_META VALUES ( 'nGl5XPppt9x1nAQ3ML3a', 'FrlptGN8unhuJHJDhiPl', 'programBasic' ,now(),now());
INSERT INTO T_IMAGE_META VALUES ( '17fLBSRZO1gjUQySZfRt', 'FrlptGN8unhuJHJDhiPl', 'contentBasic' ,now(),now());


INSERT INTO T_CONTENT VALUES ('CTV0jstpPl0CA7zkmydB', 'MARVEL' ,'contentBasic',1,'Y',now(),now());
INSERT INTO T_CONTENT_PROGRAM VALUES('CTV0jstpPl0CA7zkmydB','4QVSpYFnug9cLdwQHEfJ',NULL,NULL,NOW(),NOW());
INSERT INTO T_CONTENT_PROGRAM VALUES('CTV0jstpPl0CA7zkmydB','9x8kIR3HYeAxfrlXWbfl',NULL,NULL,NOW(),NOW());
INSERT INTO T_CONTENT_PROGRAM VALUES('CTV0jstpPl0CA7zkmydB','a6wfyUYIM0uvTP3wBU4I',NULL,NULL,NOW(),NOW());
INSERT INTO T_CONTENT_PROGRAM VALUES('CTV0jstpPl0CA7zkmydB','B4kPsP6TNXB2Wth0PWvn',NULL,NULL,NOW(),NOW());
INSERT INTO T_CONTENT_PROGRAM VALUES('CTV0jstpPl0CA7zkmydB','FrlptGN8unhuJHJDhiPl',NULL,NULL,NOW(),NOW());
INSERT INTO T_CONTENT_PROGRAM VALUES('CTV0jstpPl0CA7zkmydB','ghkk5XTIZ91aTViMj3fL',NULL,NULL,NOW(),NOW());
INSERT INTO T_CONTENT_PROGRAM VALUES('CTV0jstpPl0CA7zkmydB','GWZg7n8fzzsZiPOfOhs1',NULL,NULL,NOW(),NOW());
INSERT INTO T_CONTENT_PROGRAM VALUES('CTV0jstpPl0CA7zkmydB','OfZsj6LOLX31EjfSMGIK',NULL,NULL,NOW(),NOW());
INSERT INTO T_CONTENT_PROGRAM VALUES('CTV0jstpPl0CA7zkmydB','vFMaA4kha7xe09u6C3BG',NULL,NULL,NOW(),NOW());
INSERT INTO T_CONTENT_PROGRAM VALUES('CTV0jstpPl0CA7zkmydB','WKE8NfEIsJqrWhBfksQV',NULL,NULL,NOW(),NOW());
INSERT INTO T_CONTENT_PROGRAM VALUES('CTV0jstpPl0CA7zkmydB','yO1uRw0RwkKaoXK7iTqK',NULL,NULL,NOW(),NOW());
INSERT INTO T_CONTENT_PROGRAM VALUES('CTV0jstpPl0CA7zkmydB','Zz5RGtKJ1FxNCDuBDETy',NULL,NULL,NOW(),NOW());


INSERT INTO T_CONTENT VALUES ('2Nits1EhZaCGC4A8i6nw', '우주' ,'contentBasic',2,'Y',now(),now());
INSERT INTO T_CONTENT_PROGRAM VALUES('2Nits1EhZaCGC4A8i6nw' , '9x8kIR3HYeAxfrlXWbfl',NULL,NULL,NOW(),NOW());
INSERT INTO T_CONTENT_PROGRAM VALUES('2Nits1EhZaCGC4A8i6nw' , 'FrlptGN8unhuJHJDhiPl',NULL,NULL,NOW(),NOW());




insert into t_timeline values('CQRs8SKrsmApUrmMKrMU','어벤져스','MARVEL Special',now(),now());

insert into t_timeline_program values ( 'CQRs8SKrsmApUrmMKrMU','a6wfyUYIM0uvTP3wBU4I',now(),now());
insert into t_timeline_program values ( 'CQRs8SKrsmApUrmMKrMU','GWZg7n8fzzsZiPOfOhs1',now(),now());
insert into t_timeline_program values ( 'CQRs8SKrsmApUrmMKrMU','vFMaA4kha7xe09u6C3BG',now(),now());
insert into t_timeline_program values ( 'CQRs8SKrsmApUrmMKrMU','yO1uRw0RwkKaoXK7iTqK',now(),now());
INSERT INTO T_IMAGE_META VALUES ( 'CQ3vJFYua5UPjd2U8FZc', 'CQRs8SKrsmApUrmMKrMU', null ,now(),now());



